{
  "554690431_8": 1766229621.6139295,
  "554690431_3": 1766229930.0799677
}